filename,filepath,label
10794.jpg,D:\coderecet drone\test-org-img\10794.jpg,severe
10801.jpg,D:\coderecet drone\test-org-img\10801.jpg,severe
10807.jpg,D:\coderecet drone\test-org-img\10807.jpg,severe
10808.jpg,D:\coderecet drone\test-org-img\10808.jpg,severe
10836.jpg,D:\coderecet drone\test-org-img\10836.jpg,severe
10838.jpg,D:\coderecet drone\test-org-img\10838.jpg,high
10844.jpg,D:\coderecet drone\test-org-img\10844.jpg,severe
10849.jpg,D:\coderecet drone\test-org-img\10849.jpg,high
10856.jpg,D:\coderecet drone\test-org-img\10856.jpg,medium
10890.jpg,D:\coderecet drone\test-org-img\10890.jpg,severe
10894.jpg,D:\coderecet drone\test-org-img\10894.jpg,severe
10917.jpg,D:\coderecet drone\test-org-img\10917.jpg,severe
10923.jpg,D:\coderecet drone\test-org-img\10923.jpg,high
10950.jpg,D:\coderecet drone\test-org-img\10950.jpg,no_damage
10955.jpg,D:\coderecet drone\test-org-img\10955.jpg,high
10957.jpg,D:\coderecet drone\test-org-img\10957.jpg,high
11024.jpg,D:\coderecet drone\test-org-img\11024.jpg,high
11028.jpg,D:\coderecet drone\test-org-img\11028.jpg,severe
11038.jpg,D:\coderecet drone\test-org-img\11038.jpg,medium
11045.jpg,D:\coderecet drone\test-org-img\11045.jpg,severe
11050.jpg,D:\coderecet drone\test-org-img\11050.jpg,high
11074.jpg,D:\coderecet drone\test-org-img\11074.jpg,severe
11084.jpg,D:\coderecet drone\test-org-img\11084.jpg,low
11087.jpg,D:\coderecet drone\test-org-img\11087.jpg,medium
11089.jpg,D:\coderecet drone\test-org-img\11089.jpg,medium
11096.jpg,D:\coderecet drone\test-org-img\11096.jpg,medium
11101.jpg,D:\coderecet drone\test-org-img\11101.jpg,low
11102.jpg,D:\coderecet drone\test-org-img\11102.jpg,low
11103.jpg,D:\coderecet drone\test-org-img\11103.jpg,low
11112.jpg,D:\coderecet drone\test-org-img\11112.jpg,high
11117.jpg,D:\coderecet drone\test-org-img\11117.jpg,medium
11121.jpg,D:\coderecet drone\test-org-img\11121.jpg,high
11145.jpg,D:\coderecet drone\test-org-img\11145.jpg,medium
11148.jpg,D:\coderecet drone\test-org-img\11148.jpg,low
11151.jpg,D:\coderecet drone\test-org-img\11151.jpg,low
11180.jpg,D:\coderecet drone\test-org-img\11180.jpg,low
11195.jpg,D:\coderecet drone\test-org-img\11195.jpg,low
11199.jpg,D:\coderecet drone\test-org-img\11199.jpg,low
11204.jpg,D:\coderecet drone\test-org-img\11204.jpg,no_damage
11236.jpg,D:\coderecet drone\test-org-img\11236.jpg,high
11238.jpg,D:\coderecet drone\test-org-img\11238.jpg,high
11242.jpg,D:\coderecet drone\test-org-img\11242.jpg,medium
11257.jpg,D:\coderecet drone\test-org-img\11257.jpg,low
11269.jpg,D:\coderecet drone\test-org-img\11269.jpg,medium
11272.jpg,D:\coderecet drone\test-org-img\11272.jpg,high
11282.jpg,D:\coderecet drone\test-org-img\11282.jpg,medium
11290.jpg,D:\coderecet drone\test-org-img\11290.jpg,medium
11298.jpg,D:\coderecet drone\test-org-img\11298.jpg,low
11306.jpg,D:\coderecet drone\test-org-img\11306.jpg,low
11310.jpg,D:\coderecet drone\test-org-img\11310.jpg,low
11312.jpg,D:\coderecet drone\test-org-img\11312.jpg,low
11317.jpg,D:\coderecet drone\test-org-img\11317.jpg,low
11324.jpg,D:\coderecet drone\test-org-img\11324.jpg,medium
11332.jpg,D:\coderecet drone\test-org-img\11332.jpg,low
11343.jpg,D:\coderecet drone\test-org-img\11343.jpg,medium
11358.jpg,D:\coderecet drone\test-org-img\11358.jpg,medium
11386.jpg,D:\coderecet drone\test-org-img\11386.jpg,low
11388.jpg,D:\coderecet drone\test-org-img\11388.jpg,medium
11401.jpg,D:\coderecet drone\test-org-img\11401.jpg,medium
11415.jpg,D:\coderecet drone\test-org-img\11415.jpg,high
11419.jpg,D:\coderecet drone\test-org-img\11419.jpg,medium
11426.jpg,D:\coderecet drone\test-org-img\11426.jpg,low
11441.jpg,D:\coderecet drone\test-org-img\11441.jpg,low
11453.jpg,D:\coderecet drone\test-org-img\11453.jpg,medium
11459.jpg,D:\coderecet drone\test-org-img\11459.jpg,low
11461.jpg,D:\coderecet drone\test-org-img\11461.jpg,low
11476.jpg,D:\coderecet drone\test-org-img\11476.jpg,medium
11504.jpg,D:\coderecet drone\test-org-img\11504.jpg,low
11505.jpg,D:\coderecet drone\test-org-img\11505.jpg,no_damage
11548.jpg,D:\coderecet drone\test-org-img\11548.jpg,severe
11550.jpg,D:\coderecet drone\test-org-img\11550.jpg,severe
11577.jpg,D:\coderecet drone\test-org-img\11577.jpg,low
11585.jpg,D:\coderecet drone\test-org-img\11585.jpg,high
11609.jpg,D:\coderecet drone\test-org-img\11609.jpg,no_damage
11614.jpg,D:\coderecet drone\test-org-img\11614.jpg,no_damage
11616.jpg,D:\coderecet drone\test-org-img\11616.jpg,no_damage
11627.jpg,D:\coderecet drone\test-org-img\11627.jpg,severe
11628.jpg,D:\coderecet drone\test-org-img\11628.jpg,severe
11645.jpg,D:\coderecet drone\test-org-img\11645.jpg,medium
11652.jpg,D:\coderecet drone\test-org-img\11652.jpg,low
11653.jpg,D:\coderecet drone\test-org-img\11653.jpg,low
11661.jpg,D:\coderecet drone\test-org-img\11661.jpg,low
11669.jpg,D:\coderecet drone\test-org-img\11669.jpg,medium
11683.jpg,D:\coderecet drone\test-org-img\11683.jpg,high
11686.jpg,D:\coderecet drone\test-org-img\11686.jpg,low
11689.jpg,D:\coderecet drone\test-org-img\11689.jpg,no_damage
11704.jpg,D:\coderecet drone\test-org-img\11704.jpg,high
11709.jpg,D:\coderecet drone\test-org-img\11709.jpg,severe
11713.jpg,D:\coderecet drone\test-org-img\11713.jpg,severe
11726.jpg,D:\coderecet drone\test-org-img\11726.jpg,medium
11727.jpg,D:\coderecet drone\test-org-img\11727.jpg,low
11737.jpg,D:\coderecet drone\test-org-img\11737.jpg,low
11774.jpg,D:\coderecet drone\test-org-img\11774.jpg,low
11802.jpg,D:\coderecet drone\test-org-img\11802.jpg,severe
11812.jpg,D:\coderecet drone\test-org-img\11812.jpg,no_damage
11852.jpg,D:\coderecet drone\test-org-img\11852.jpg,severe
11903.jpg,D:\coderecet drone\test-org-img\11903.jpg,high
11914.jpg,D:\coderecet drone\test-org-img\11914.jpg,high
11916.jpg,D:\coderecet drone\test-org-img\11916.jpg,severe
11918.jpg,D:\coderecet drone\test-org-img\11918.jpg,high
11924.jpg,D:\coderecet drone\test-org-img\11924.jpg,low
11939.jpg,D:\coderecet drone\test-org-img\11939.jpg,low
11943.jpg,D:\coderecet drone\test-org-img\11943.jpg,medium
11946.jpg,D:\coderecet drone\test-org-img\11946.jpg,medium
11955.jpg,D:\coderecet drone\test-org-img\11955.jpg,high
11959.jpg,D:\coderecet drone\test-org-img\11959.jpg,severe
11961.jpg,D:\coderecet drone\test-org-img\11961.jpg,severe
11965.jpg,D:\coderecet drone\test-org-img\11965.jpg,severe
11971.jpg,D:\coderecet drone\test-org-img\11971.jpg,no_damage
11979.jpg,D:\coderecet drone\test-org-img\11979.jpg,medium
11989.jpg,D:\coderecet drone\test-org-img\11989.jpg,low
11990.jpg,D:\coderecet drone\test-org-img\11990.jpg,no_damage
11993.jpg,D:\coderecet drone\test-org-img\11993.jpg,no_damage
12007.jpg,D:\coderecet drone\test-org-img\12007.jpg,no_damage
12012.jpg,D:\coderecet drone\test-org-img\12012.jpg,low
12023.jpg,D:\coderecet drone\test-org-img\12023.jpg,low
12054.jpg,D:\coderecet drone\test-org-img\12054.jpg,no_damage
12056.jpg,D:\coderecet drone\test-org-img\12056.jpg,no_damage
12070.jpg,D:\coderecet drone\test-org-img\12070.jpg,low
12095.jpg,D:\coderecet drone\test-org-img\12095.jpg,low
12105.jpg,D:\coderecet drone\test-org-img\12105.jpg,low
12129.jpg,D:\coderecet drone\test-org-img\12129.jpg,no_damage
12131.jpg,D:\coderecet drone\test-org-img\12131.jpg,no_damage
12137.jpg,D:\coderecet drone\test-org-img\12137.jpg,low
12140.jpg,D:\coderecet drone\test-org-img\12140.jpg,low
12143.jpg,D:\coderecet drone\test-org-img\12143.jpg,low
12156.jpg,D:\coderecet drone\test-org-img\12156.jpg,medium
12162.jpg,D:\coderecet drone\test-org-img\12162.jpg,high
12169.jpg,D:\coderecet drone\test-org-img\12169.jpg,high
12170.jpg,D:\coderecet drone\test-org-img\12170.jpg,high
12172.jpg,D:\coderecet drone\test-org-img\12172.jpg,low
12177.jpg,D:\coderecet drone\test-org-img\12177.jpg,no_damage
12178.jpg,D:\coderecet drone\test-org-img\12178.jpg,no_damage
12185.jpg,D:\coderecet drone\test-org-img\12185.jpg,severe
12188.jpg,D:\coderecet drone\test-org-img\12188.jpg,high
12195.jpg,D:\coderecet drone\test-org-img\12195.jpg,low
12198.jpg,D:\coderecet drone\test-org-img\12198.jpg,medium
12237.jpg,D:\coderecet drone\test-org-img\12237.jpg,no_damage
12250.jpg,D:\coderecet drone\test-org-img\12250.jpg,low
12252.jpg,D:\coderecet drone\test-org-img\12252.jpg,low
12253.jpg,D:\coderecet drone\test-org-img\12253.jpg,low
12260.jpg,D:\coderecet drone\test-org-img\12260.jpg,low
12268.jpg,D:\coderecet drone\test-org-img\12268.jpg,medium
12269.jpg,D:\coderecet drone\test-org-img\12269.jpg,medium
12272.jpg,D:\coderecet drone\test-org-img\12272.jpg,medium
12278.jpg,D:\coderecet drone\test-org-img\12278.jpg,severe
12280.jpg,D:\coderecet drone\test-org-img\12280.jpg,severe
12306.jpg,D:\coderecet drone\test-org-img\12306.jpg,severe
12382.jpg,D:\coderecet drone\test-org-img\12382.jpg,medium
12388.jpg,D:\coderecet drone\test-org-img\12388.jpg,high
12401.jpg,D:\coderecet drone\test-org-img\12401.jpg,low
12433.jpg,D:\coderecet drone\test-org-img\12433.jpg,medium
12438.jpg,D:\coderecet drone\test-org-img\12438.jpg,high
12445.jpg,D:\coderecet drone\test-org-img\12445.jpg,high
12446.jpg,D:\coderecet drone\test-org-img\12446.jpg,medium
12461.jpg,D:\coderecet drone\test-org-img\12461.jpg,severe
12468.jpg,D:\coderecet drone\test-org-img\12468.jpg,medium
12476.jpg,D:\coderecet drone\test-org-img\12476.jpg,low
12484.jpg,D:\coderecet drone\test-org-img\12484.jpg,low
12495.jpg,D:\coderecet drone\test-org-img\12495.jpg,severe
12507.jpg,D:\coderecet drone\test-org-img\12507.jpg,high
12518.jpg,D:\coderecet drone\test-org-img\12518.jpg,low
12525.jpg,D:\coderecet drone\test-org-img\12525.jpg,no_damage
12545.jpg,D:\coderecet drone\test-org-img\12545.jpg,high
12553.jpg,D:\coderecet drone\test-org-img\12553.jpg,low
12560.jpg,D:\coderecet drone\test-org-img\12560.jpg,low
12579.jpg,D:\coderecet drone\test-org-img\12579.jpg,no_damage
12580.jpg,D:\coderecet drone\test-org-img\12580.jpg,no_damage
12584.jpg,D:\coderecet drone\test-org-img\12584.jpg,no_damage
12598.jpg,D:\coderecet drone\test-org-img\12598.jpg,severe
12600.jpg,D:\coderecet drone\test-org-img\12600.jpg,severe
12619.jpg,D:\coderecet drone\test-org-img\12619.jpg,low
12636.jpg,D:\coderecet drone\test-org-img\12636.jpg,no_damage
12638.jpg,D:\coderecet drone\test-org-img\12638.jpg,no_damage
12662.jpg,D:\coderecet drone\test-org-img\12662.jpg,low
12664.jpg,D:\coderecet drone\test-org-img\12664.jpg,low
12666.jpg,D:\coderecet drone\test-org-img\12666.jpg,low
12687.jpg,D:\coderecet drone\test-org-img\12687.jpg,medium
12693.jpg,D:\coderecet drone\test-org-img\12693.jpg,no_damage
12702.jpg,D:\coderecet drone\test-org-img\12702.jpg,low
12708.jpg,D:\coderecet drone\test-org-img\12708.jpg,severe
12742.jpg,D:\coderecet drone\test-org-img\12742.jpg,no_damage
12784.jpg,D:\coderecet drone\test-org-img\12784.jpg,high
12796.jpg,D:\coderecet drone\test-org-img\12796.jpg,low
12811.jpg,D:\coderecet drone\test-org-img\12811.jpg,low
12814.jpg,D:\coderecet drone\test-org-img\12814.jpg,high
12821.jpg,D:\coderecet drone\test-org-img\12821.jpg,medium
12827.jpg,D:\coderecet drone\test-org-img\12827.jpg,no_damage
12842.jpg,D:\coderecet drone\test-org-img\12842.jpg,high
12859.jpg,D:\coderecet drone\test-org-img\12859.jpg,low
12861.jpg,D:\coderecet drone\test-org-img\12861.jpg,low
12866.jpg,D:\coderecet drone\test-org-img\12866.jpg,low
12879.jpg,D:\coderecet drone\test-org-img\12879.jpg,medium
12899.jpg,D:\coderecet drone\test-org-img\12899.jpg,medium
12948.jpg,D:\coderecet drone\test-org-img\12948.jpg,low
12952.jpg,D:\coderecet drone\test-org-img\12952.jpg,severe
12963.jpg,D:\coderecet drone\test-org-img\12963.jpg,no_damage
12968.jpg,D:\coderecet drone\test-org-img\12968.jpg,no_damage
12981.jpg,D:\coderecet drone\test-org-img\12981.jpg,high
13008.jpg,D:\coderecet drone\test-org-img\13008.jpg,low
13017.jpg,D:\coderecet drone\test-org-img\13017.jpg,medium
13021.jpg,D:\coderecet drone\test-org-img\13021.jpg,high
13029.jpg,D:\coderecet drone\test-org-img\13029.jpg,low
13050.jpg,D:\coderecet drone\test-org-img\13050.jpg,high
13066.jpg,D:\coderecet drone\test-org-img\13066.jpg,medium
13076.jpg,D:\coderecet drone\test-org-img\13076.jpg,no_damage
13104.jpg,D:\coderecet drone\test-org-img\13104.jpg,medium
13111.jpg,D:\coderecet drone\test-org-img\13111.jpg,no_damage
13114.jpg,D:\coderecet drone\test-org-img\13114.jpg,low
13116.jpg,D:\coderecet drone\test-org-img\13116.jpg,low
13121.jpg,D:\coderecet drone\test-org-img\13121.jpg,low
13135.jpg,D:\coderecet drone\test-org-img\13135.jpg,low
13148.jpg,D:\coderecet drone\test-org-img\13148.jpg,low
13149.jpg,D:\coderecet drone\test-org-img\13149.jpg,low
13150.jpg,D:\coderecet drone\test-org-img\13150.jpg,low
13164.jpg,D:\coderecet drone\test-org-img\13164.jpg,medium
13171.jpg,D:\coderecet drone\test-org-img\13171.jpg,low
13205.jpg,D:\coderecet drone\test-org-img\13205.jpg,low
13226.jpg,D:\coderecet drone\test-org-img\13226.jpg,low
13234.jpg,D:\coderecet drone\test-org-img\13234.jpg,low
13241.jpg,D:\coderecet drone\test-org-img\13241.jpg,low
13281.jpg,D:\coderecet drone\test-org-img\13281.jpg,no_damage
13289.jpg,D:\coderecet drone\test-org-img\13289.jpg,no_damage
13292.jpg,D:\coderecet drone\test-org-img\13292.jpg,no_damage
13306.jpg,D:\coderecet drone\test-org-img\13306.jpg,medium
13317.jpg,D:\coderecet drone\test-org-img\13317.jpg,low
13342.jpg,D:\coderecet drone\test-org-img\13342.jpg,medium
13353.jpg,D:\coderecet drone\test-org-img\13353.jpg,medium
13356.jpg,D:\coderecet drone\test-org-img\13356.jpg,medium
13361.jpg,D:\coderecet drone\test-org-img\13361.jpg,high
13363.jpg,D:\coderecet drone\test-org-img\13363.jpg,low
13364.jpg,D:\coderecet drone\test-org-img\13364.jpg,low
13365.jpg,D:\coderecet drone\test-org-img\13365.jpg,low
13366.jpg,D:\coderecet drone\test-org-img\13366.jpg,low
13405.jpg,D:\coderecet drone\test-org-img\13405.jpg,high
13411.jpg,D:\coderecet drone\test-org-img\13411.jpg,medium
13421.jpg,D:\coderecet drone\test-org-img\13421.jpg,medium
13425.jpg,D:\coderecet drone\test-org-img\13425.jpg,low
13442.jpg,D:\coderecet drone\test-org-img\13442.jpg,low
13443.jpg,D:\coderecet drone\test-org-img\13443.jpg,medium
13473.jpg,D:\coderecet drone\test-org-img\13473.jpg,no_damage
13489.jpg,D:\coderecet drone\test-org-img\13489.jpg,medium
13492.jpg,D:\coderecet drone\test-org-img\13492.jpg,low
13506.jpg,D:\coderecet drone\test-org-img\13506.jpg,no_damage
13529.jpg,D:\coderecet drone\test-org-img\13529.jpg,high
13544.jpg,D:\coderecet drone\test-org-img\13544.jpg,no_damage
13569.jpg,D:\coderecet drone\test-org-img\13569.jpg,low
13570.jpg,D:\coderecet drone\test-org-img\13570.jpg,low
13572.jpg,D:\coderecet drone\test-org-img\13572.jpg,medium
13575.jpg,D:\coderecet drone\test-org-img\13575.jpg,severe
13578.jpg,D:\coderecet drone\test-org-img\13578.jpg,high
13580.jpg,D:\coderecet drone\test-org-img\13580.jpg,medium
13590.jpg,D:\coderecet drone\test-org-img\13590.jpg,medium
13591.jpg,D:\coderecet drone\test-org-img\13591.jpg,medium
13597.jpg,D:\coderecet drone\test-org-img\13597.jpg,medium
13623.jpg,D:\coderecet drone\test-org-img\13623.jpg,low
13624.jpg,D:\coderecet drone\test-org-img\13624.jpg,low
13626.jpg,D:\coderecet drone\test-org-img\13626.jpg,no_damage
13639.jpg,D:\coderecet drone\test-org-img\13639.jpg,medium
13640.jpg,D:\coderecet drone\test-org-img\13640.jpg,medium
13654.jpg,D:\coderecet drone\test-org-img\13654.jpg,medium
13667.jpg,D:\coderecet drone\test-org-img\13667.jpg,low
13668.jpg,D:\coderecet drone\test-org-img\13668.jpg,low
13688.jpg,D:\coderecet drone\test-org-img\13688.jpg,low
13702.jpg,D:\coderecet drone\test-org-img\13702.jpg,medium
13708.jpg,D:\coderecet drone\test-org-img\13708.jpg,medium
13727.jpg,D:\coderecet drone\test-org-img\13727.jpg,medium
13760.jpg,D:\coderecet drone\test-org-img\13760.jpg,low
13762.jpg,D:\coderecet drone\test-org-img\13762.jpg,low
13770.jpg,D:\coderecet drone\test-org-img\13770.jpg,medium
13773.jpg,D:\coderecet drone\test-org-img\13773.jpg,medium
13784.jpg,D:\coderecet drone\test-org-img\13784.jpg,low
13795.jpg,D:\coderecet drone\test-org-img\13795.jpg,low
13800.jpg,D:\coderecet drone\test-org-img\13800.jpg,low
13866.jpg,D:\coderecet drone\test-org-img\13866.jpg,low
13872.jpg,D:\coderecet drone\test-org-img\13872.jpg,medium
13876.jpg,D:\coderecet drone\test-org-img\13876.jpg,low
13887.jpg,D:\coderecet drone\test-org-img\13887.jpg,high
13902.jpg,D:\coderecet drone\test-org-img\13902.jpg,low
13906.jpg,D:\coderecet drone\test-org-img\13906.jpg,no_damage
13907.jpg,D:\coderecet drone\test-org-img\13907.jpg,no_damage
13915.jpg,D:\coderecet drone\test-org-img\13915.jpg,no_damage
13925.jpg,D:\coderecet drone\test-org-img\13925.jpg,no_damage
13926.jpg,D:\coderecet drone\test-org-img\13926.jpg,no_damage
13931.jpg,D:\coderecet drone\test-org-img\13931.jpg,no_damage
13964.jpg,D:\coderecet drone\test-org-img\13964.jpg,no_damage
13975.jpg,D:\coderecet drone\test-org-img\13975.jpg,no_damage
13976.jpg,D:\coderecet drone\test-org-img\13976.jpg,no_damage
13982.jpg,D:\coderecet drone\test-org-img\13982.jpg,low
14010.jpg,D:\coderecet drone\test-org-img\14010.jpg,low
14014.jpg,D:\coderecet drone\test-org-img\14014.jpg,no_damage
14041.jpg,D:\coderecet drone\test-org-img\14041.jpg,no_damage
14059.jpg,D:\coderecet drone\test-org-img\14059.jpg,medium
14062.jpg,D:\coderecet drone\test-org-img\14062.jpg,low
14067.jpg,D:\coderecet drone\test-org-img\14067.jpg,no_damage
14076.jpg,D:\coderecet drone\test-org-img\14076.jpg,no_damage
14115.jpg,D:\coderecet drone\test-org-img\14115.jpg,high
14154.jpg,D:\coderecet drone\test-org-img\14154.jpg,no_damage
14163.jpg,D:\coderecet drone\test-org-img\14163.jpg,no_damage
14164.jpg,D:\coderecet drone\test-org-img\14164.jpg,no_damage
14167.jpg,D:\coderecet drone\test-org-img\14167.jpg,low
14168.jpg,D:\coderecet drone\test-org-img\14168.jpg,low
14169.jpg,D:\coderecet drone\test-org-img\14169.jpg,low
14170.jpg,D:\coderecet drone\test-org-img\14170.jpg,low
14193.jpg,D:\coderecet drone\test-org-img\14193.jpg,no_damage
14196.jpg,D:\coderecet drone\test-org-img\14196.jpg,no_damage
14207.jpg,D:\coderecet drone\test-org-img\14207.jpg,high
14242.jpg,D:\coderecet drone\test-org-img\14242.jpg,severe
14267.jpg,D:\coderecet drone\test-org-img\14267.jpg,low
14271.jpg,D:\coderecet drone\test-org-img\14271.jpg,severe
14276.jpg,D:\coderecet drone\test-org-img\14276.jpg,low
14285.jpg,D:\coderecet drone\test-org-img\14285.jpg,no_damage
14316.jpg,D:\coderecet drone\test-org-img\14316.jpg,no_damage
14317.jpg,D:\coderecet drone\test-org-img\14317.jpg,high
14319.jpg,D:\coderecet drone\test-org-img\14319.jpg,high
14322.jpg,D:\coderecet drone\test-org-img\14322.jpg,low
14326.jpg,D:\coderecet drone\test-org-img\14326.jpg,low
14337.jpg,D:\coderecet drone\test-org-img\14337.jpg,medium
14370.jpg,D:\coderecet drone\test-org-img\14370.jpg,medium
14376.jpg,D:\coderecet drone\test-org-img\14376.jpg,medium
14393.jpg,D:\coderecet drone\test-org-img\14393.jpg,medium
14394.jpg,D:\coderecet drone\test-org-img\14394.jpg,high
14518.jpg,D:\coderecet drone\test-org-img\14518.jpg,low
14541.jpg,D:\coderecet drone\test-org-img\14541.jpg,low
14546.jpg,D:\coderecet drone\test-org-img\14546.jpg,low
14632.jpg,D:\coderecet drone\test-org-img\14632.jpg,low
14633.jpg,D:\coderecet drone\test-org-img\14633.jpg,low
14712.jpg,D:\coderecet drone\test-org-img\14712.jpg,low
14749.jpg,D:\coderecet drone\test-org-img\14749.jpg,high
14769.jpg,D:\coderecet drone\test-org-img\14769.jpg,high
14786.jpg,D:\coderecet drone\test-org-img\14786.jpg,low
14800.jpg,D:\coderecet drone\test-org-img\14800.jpg,high
14813.jpg,D:\coderecet drone\test-org-img\14813.jpg,severe
14816.jpg,D:\coderecet drone\test-org-img\14816.jpg,low
14822.jpg,D:\coderecet drone\test-org-img\14822.jpg,high
14879.jpg,D:\coderecet drone\test-org-img\14879.jpg,high
14882.jpg,D:\coderecet drone\test-org-img\14882.jpg,medium
14898.jpg,D:\coderecet drone\test-org-img\14898.jpg,low
14911.jpg,D:\coderecet drone\test-org-img\14911.jpg,high
14915.jpg,D:\coderecet drone\test-org-img\14915.jpg,medium
14922.jpg,D:\coderecet drone\test-org-img\14922.jpg,medium
14932.jpg,D:\coderecet drone\test-org-img\14932.jpg,low
14939.jpg,D:\coderecet drone\test-org-img\14939.jpg,no_damage
14960.jpg,D:\coderecet drone\test-org-img\14960.jpg,medium
15005.jpg,D:\coderecet drone\test-org-img\15005.jpg,high
15019.jpg,D:\coderecet drone\test-org-img\15019.jpg,low
15031.jpg,D:\coderecet drone\test-org-img\15031.jpg,high
15034.jpg,D:\coderecet drone\test-org-img\15034.jpg,high
15044.jpg,D:\coderecet drone\test-org-img\15044.jpg,no_damage
15054.jpg,D:\coderecet drone\test-org-img\15054.jpg,high
15060.jpg,D:\coderecet drone\test-org-img\15060.jpg,high
15067.jpg,D:\coderecet drone\test-org-img\15067.jpg,medium
15080.jpg,D:\coderecet drone\test-org-img\15080.jpg,low
15081.jpg,D:\coderecet drone\test-org-img\15081.jpg,low
15086.jpg,D:\coderecet drone\test-org-img\15086.jpg,low
15095.jpg,D:\coderecet drone\test-org-img\15095.jpg,high
15100.jpg,D:\coderecet drone\test-org-img\15100.jpg,low
15107.jpg,D:\coderecet drone\test-org-img\15107.jpg,low
15119.jpg,D:\coderecet drone\test-org-img\15119.jpg,high
15121.jpg,D:\coderecet drone\test-org-img\15121.jpg,medium
15135.jpg,D:\coderecet drone\test-org-img\15135.jpg,low
15152.jpg,D:\coderecet drone\test-org-img\15152.jpg,medium
15172.jpg,D:\coderecet drone\test-org-img\15172.jpg,low
15176.jpg,D:\coderecet drone\test-org-img\15176.jpg,low
15180.jpg,D:\coderecet drone\test-org-img\15180.jpg,high
15181.jpg,D:\coderecet drone\test-org-img\15181.jpg,high
15187.jpg,D:\coderecet drone\test-org-img\15187.jpg,high
15189.jpg,D:\coderecet drone\test-org-img\15189.jpg,high
15192.jpg,D:\coderecet drone\test-org-img\15192.jpg,low
15194.jpg,D:\coderecet drone\test-org-img\15194.jpg,low
15197.jpg,D:\coderecet drone\test-org-img\15197.jpg,low
15198.jpg,D:\coderecet drone\test-org-img\15198.jpg,low
15199.jpg,D:\coderecet drone\test-org-img\15199.jpg,low
15202.jpg,D:\coderecet drone\test-org-img\15202.jpg,low
15210.jpg,D:\coderecet drone\test-org-img\15210.jpg,low
15218.jpg,D:\coderecet drone\test-org-img\15218.jpg,high
15221.jpg,D:\coderecet drone\test-org-img\15221.jpg,high
15226.jpg,D:\coderecet drone\test-org-img\15226.jpg,high
15270.jpg,D:\coderecet drone\test-org-img\15270.jpg,low
15279.jpg,D:\coderecet drone\test-org-img\15279.jpg,high
15284.jpg,D:\coderecet drone\test-org-img\15284.jpg,low
15293.jpg,D:\coderecet drone\test-org-img\15293.jpg,low
15298.jpg,D:\coderecet drone\test-org-img\15298.jpg,low
15334.jpg,D:\coderecet drone\test-org-img\15334.jpg,low
15340.jpg,D:\coderecet drone\test-org-img\15340.jpg,low
15356.jpg,D:\coderecet drone\test-org-img\15356.jpg,low
15394.jpg,D:\coderecet drone\test-org-img\15394.jpg,no_damage
15413.jpg,D:\coderecet drone\test-org-img\15413.jpg,low
15414.jpg,D:\coderecet drone\test-org-img\15414.jpg,no_damage
15418.jpg,D:\coderecet drone\test-org-img\15418.jpg,low
15419.jpg,D:\coderecet drone\test-org-img\15419.jpg,low
15449.jpg,D:\coderecet drone\test-org-img\15449.jpg,low
15464.jpg,D:\coderecet drone\test-org-img\15464.jpg,no_damage
15481.jpg,D:\coderecet drone\test-org-img\15481.jpg,low
15495.jpg,D:\coderecet drone\test-org-img\15495.jpg,medium
15498.jpg,D:\coderecet drone\test-org-img\15498.jpg,low
15499.jpg,D:\coderecet drone\test-org-img\15499.jpg,low
15504.jpg,D:\coderecet drone\test-org-img\15504.jpg,no_damage
15540.jpg,D:\coderecet drone\test-org-img\15540.jpg,low
15542.jpg,D:\coderecet drone\test-org-img\15542.jpg,low
15543.jpg,D:\coderecet drone\test-org-img\15543.jpg,medium
15620.jpg,D:\coderecet drone\test-org-img\15620.jpg,severe
15621.jpg,D:\coderecet drone\test-org-img\15621.jpg,severe
15639.jpg,D:\coderecet drone\test-org-img\15639.jpg,medium
15647.jpg,D:\coderecet drone\test-org-img\15647.jpg,medium
15667.jpg,D:\coderecet drone\test-org-img\15667.jpg,high
15675.jpg,D:\coderecet drone\test-org-img\15675.jpg,high
15716.jpg,D:\coderecet drone\test-org-img\15716.jpg,high
15720.jpg,D:\coderecet drone\test-org-img\15720.jpg,low
15724.jpg,D:\coderecet drone\test-org-img\15724.jpg,low
15725.jpg,D:\coderecet drone\test-org-img\15725.jpg,low
15746.jpg,D:\coderecet drone\test-org-img\15746.jpg,medium
15747.jpg,D:\coderecet drone\test-org-img\15747.jpg,medium
15755.jpg,D:\coderecet drone\test-org-img\15755.jpg,low
15757.jpg,D:\coderecet drone\test-org-img\15757.jpg,low
15778.jpg,D:\coderecet drone\test-org-img\15778.jpg,low
15779.jpg,D:\coderecet drone\test-org-img\15779.jpg,medium
15783.jpg,D:\coderecet drone\test-org-img\15783.jpg,medium
15797.jpg,D:\coderecet drone\test-org-img\15797.jpg,medium
15798.jpg,D:\coderecet drone\test-org-img\15798.jpg,low
15799.jpg,D:\coderecet drone\test-org-img\15799.jpg,low
15817.jpg,D:\coderecet drone\test-org-img\15817.jpg,high
15821.jpg,D:\coderecet drone\test-org-img\15821.jpg,high
15831.jpg,D:\coderecet drone\test-org-img\15831.jpg,medium
15833.jpg,D:\coderecet drone\test-org-img\15833.jpg,medium
15841.jpg,D:\coderecet drone\test-org-img\15841.jpg,low
15871.jpg,D:\coderecet drone\test-org-img\15871.jpg,high
15885.jpg,D:\coderecet drone\test-org-img\15885.jpg,medium
16005.jpg,D:\coderecet drone\test-org-img\16005.jpg,high
16010.jpg,D:\coderecet drone\test-org-img\16010.jpg,high
16041.jpg,D:\coderecet drone\test-org-img\16041.jpg,low
16064.jpg,D:\coderecet drone\test-org-img\16064.jpg,low
16067.jpg,D:\coderecet drone\test-org-img\16067.jpg,high
16073.jpg,D:\coderecet drone\test-org-img\16073.jpg,low
16076.jpg,D:\coderecet drone\test-org-img\16076.jpg,low
16079.jpg,D:\coderecet drone\test-org-img\16079.jpg,low
16084.jpg,D:\coderecet drone\test-org-img\16084.jpg,low
16088.jpg,D:\coderecet drone\test-org-img\16088.jpg,low
16196.jpg,D:\coderecet drone\test-org-img\16196.jpg,low
16313.jpg,D:\coderecet drone\test-org-img\16313.jpg,medium
16323.jpg,D:\coderecet drone\test-org-img\16323.jpg,low
16333.jpg,D:\coderecet drone\test-org-img\16333.jpg,low
16508.jpg,D:\coderecet drone\test-org-img\16508.jpg,low
20421.jpg,D:\coderecet drone\test-org-img\20421.jpg,no_damage
20428.jpg,D:\coderecet drone\test-org-img\20428.jpg,high
20437.jpg,D:\coderecet drone\test-org-img\20437.jpg,no_damage
